478	romdata/DGN_DT/DT_DBDRK0.FBC.z	DT_DBDRK0_SET_1.FBC/dt_DBDRK0_SET_1.txtbin	ascii	0	0	0
479	romdata/DGN_DT/DT_DBDRK0_SET_1.FBC.z	DT_DBDRK0_EBS_1.FBC/dt_DBDRK0_EBS_1.txtbin	ascii	0	0	0
479	romdata/DGN_DT/DT_DBDRK0_SET_1.FBC.z	DT_DBDRK0_ENM_1.FBC/dt_DBDRK0_ENM_1.txtbin	ascii	0	0	0
479	romdata/DGN_DT/DT_DBDRK0_SET_1.FBC.z	DT_DBDRK0_EST_1.FBC/dt_DBDRK0_EST_1.txtbin	ascii	0	0	0
479	romdata/DGN_DT/DT_DBDRK0_SET_1.FBC.z	DT_DBDRK0_ITM_1.FBC/dt_DBDRK0_ITM_1.txtbin	ascii	0	0	0
479	romdata/DGN_DT/DT_DBDRK0_SET_1.FBC.z	DT_DBDRK0_TRA_1.FBC/dt_DBDRK0_TRA_1.txtbin	ascii	0	0	0
480	romdata/DGN_DT/DT_DBFIR0.FBC.z	DT_DBFIR0_SET_1.FBC/dt_DBFIR0_SET_1.txtbin	ascii	0	0	0
481	romdata/DGN_DT/DT_DBFIR0_SET_1.FBC.z	DT_DBFIR0_EBS_1.FBC/dt_DBFIR0_EBS_1.txtbin	ascii	0	0	0
481	romdata/DGN_DT/DT_DBFIR0_SET_1.FBC.z	DT_DBFIR0_ENM_1.FBC/dt_DBFIR0_ENM_1.txtbin	ascii	0	0	0
481	romdata/DGN_DT/DT_DBFIR0_SET_1.FBC.z	DT_DBFIR0_EST_1.FBC/dt_DBFIR0_EST_1.txtbin	ascii	0	0	0
481	romdata/DGN_DT/DT_DBFIR0_SET_1.FBC.z	DT_DBFIR0_ITM_1.FBC/dt_DBFIR0_ITM_1.txtbin	ascii	0	0	0
481	romdata/DGN_DT/DT_DBFIR0_SET_1.FBC.z	DT_DBFIR0_TRA_1.FBC/dt_DBFIR0_TRA_1.txtbin	ascii	0	0	0
482	romdata/DGN_DT/DT_DBLIT0.FBC.z	DT_DBLIT0_SET_1.FBC/dt_DBLIT0_SET_1.txtbin	ascii	0	0	0
483	romdata/DGN_DT/DT_DBLIT0_SET_1.FBC.z	DT_DBLIT0_EBS_1.FBC/dt_DBLIT0_EBS_1.txtbin	ascii	0	0	0
483	romdata/DGN_DT/DT_DBLIT0_SET_1.FBC.z	DT_DBLIT0_ENM_1.FBC/dt_DBLIT0_ENM_1.txtbin	ascii	0	0	0
483	romdata/DGN_DT/DT_DBLIT0_SET_1.FBC.z	DT_DBLIT0_EST_1.FBC/dt_DBLIT0_EST_1.txtbin	ascii	0	0	0
483	romdata/DGN_DT/DT_DBLIT0_SET_1.FBC.z	DT_DBLIT0_ITM_1.FBC/dt_DBLIT0_ITM_1.txtbin	ascii	0	0	0
483	romdata/DGN_DT/DT_DBLIT0_SET_1.FBC.z	DT_DBLIT0_TRA_1.FBC/dt_DBLIT0_TRA_1.txtbin	ascii	0	0	0
484	romdata/DGN_DT/DT_DBMOG0.FBC.z	DT_DBMOG0_SET_1.FBC/dt_DBMOG0_SET_1.txtbin	ascii	0	0	0
485	romdata/DGN_DT/DT_DBMOG0_SET_1.FBC.z	DT_DBMOG0_EBS_1.FBC/dt_DBMOG0_EBS_1.txtbin	ascii	0	0	0
485	romdata/DGN_DT/DT_DBMOG0_SET_1.FBC.z	DT_DBMOG0_ENM_1.FBC/dt_DBMOG0_ENM_1.txtbin	ascii	0	0	0
485	romdata/DGN_DT/DT_DBMOG0_SET_1.FBC.z	DT_DBMOG0_EST_1.FBC/dt_DBMOG0_EST_1.txtbin	ascii	0	0	0
485	romdata/DGN_DT/DT_DBMOG0_SET_1.FBC.z	DT_DBMOG0_ITM_1.FBC/dt_DBMOG0_ITM_1.txtbin	ascii	0	0	0
485	romdata/DGN_DT/DT_DBMOG0_SET_1.FBC.z	DT_DBMOG0_TRA_1.FBC/dt_DBMOG0_TRA_1.txtbin	ascii	0	0	0
486	romdata/DGN_DT/DT_DBMOG1.FBC.z	DT_DBMOG1_SET_1.FBC/dt_DBMOG1_SET_1.txtbin	ascii	0	0	0
487	romdata/DGN_DT/DT_DBMOG1_SET_1.FBC.z	DT_DBMOG1_EBS_1.FBC/dt_DBMOG1_EBS_1.txtbin	ascii	0	0	0
487	romdata/DGN_DT/DT_DBMOG1_SET_1.FBC.z	DT_DBMOG1_ENM_1.FBC/dt_DBMOG1_ENM_1.txtbin	ascii	0	0	0
487	romdata/DGN_DT/DT_DBMOG1_SET_1.FBC.z	DT_DBMOG1_EST_1.FBC/dt_DBMOG1_EST_1.txtbin	ascii	0	0	0
487	romdata/DGN_DT/DT_DBMOG1_SET_1.FBC.z	DT_DBMOG1_ITM_1.FBC/dt_DBMOG1_ITM_1.txtbin	ascii	0	0	0
487	romdata/DGN_DT/DT_DBMOG1_SET_1.FBC.z	DT_DBMOG1_TRA_1.FBC/dt_DBMOG1_TRA_1.txtbin	ascii	0	0	0
488	romdata/DGN_DT/DT_DBMOG2.FBC.z	DT_DBMOG2_SET_1.FBC/dt_DBMOG2_SET_1.txtbin	ascii	0	0	0
489	romdata/DGN_DT/DT_DBMOG2_SET_1.FBC.z	DT_DBMOG2_EBS_1.FBC/dt_DBMOG2_EBS_1.txtbin	ascii	0	0	0
489	romdata/DGN_DT/DT_DBMOG2_SET_1.FBC.z	DT_DBMOG2_ENM_1.FBC/dt_DBMOG2_ENM_1.txtbin	ascii	0	0	0
489	romdata/DGN_DT/DT_DBMOG2_SET_1.FBC.z	DT_DBMOG2_EST_1.FBC/dt_DBMOG2_EST_1.txtbin	ascii	0	0	0
489	romdata/DGN_DT/DT_DBMOG2_SET_1.FBC.z	DT_DBMOG2_ITM_1.FBC/dt_DBMOG2_ITM_1.txtbin	ascii	0	0	0
489	romdata/DGN_DT/DT_DBMOG2_SET_1.FBC.z	DT_DBMOG2_TRA_1.FBC/dt_DBMOG2_TRA_1.txtbin	ascii	0	0	0
490	romdata/DGN_DT/DT_DBMOG3.FBC.z	DT_DBMOG3_SET_1.FBC/dt_DBMOG3_SET_1.txtbin	ascii	0	0	0
491	romdata/DGN_DT/DT_DBMOG3_SET_1.FBC.z	DT_DBMOG3_EBS_1.FBC/dt_DBMOG3_EBS_1.txtbin	ascii	0	0	0
491	romdata/DGN_DT/DT_DBMOG3_SET_1.FBC.z	DT_DBMOG3_ENM_1.FBC/dt_DBMOG3_ENM_1.txtbin	ascii	0	0	0
491	romdata/DGN_DT/DT_DBMOG3_SET_1.FBC.z	DT_DBMOG3_EST_1.FBC/dt_DBMOG3_EST_1.txtbin	ascii	0	0	0
491	romdata/DGN_DT/DT_DBMOG3_SET_1.FBC.z	DT_DBMOG3_ITM_1.FBC/dt_DBMOG3_ITM_1.txtbin	ascii	0	0	0
491	romdata/DGN_DT/DT_DBMOG3_SET_1.FBC.z	DT_DBMOG3_TRA_1.FBC/dt_DBMOG3_TRA_1.txtbin	ascii	0	0	0
492	romdata/DGN_DT/DT_DBTUT0.FBC.z	DT_DBTUT0_SET_1.FBC/dt_DBTUT0_SET_1.txtbin	ascii	0	0	0
493	romdata/DGN_DT/DT_DBTUT0_SET_1.FBC.z	DT_DBTUT0_EBS_1.FBC/dt_DBTUT0_EBS_1.txtbin	ascii	0	0	0
493	romdata/DGN_DT/DT_DBTUT0_SET_1.FBC.z	DT_DBTUT0_ENM_1.FBC/dt_DBTUT0_ENM_1.txtbin	ascii	0	0	0
493	romdata/DGN_DT/DT_DBTUT0_SET_1.FBC.z	DT_DBTUT0_EST_1.FBC/dt_DBTUT0_EST_1.txtbin	ascii	0	0	0
493	romdata/DGN_DT/DT_DBTUT0_SET_1.FBC.z	DT_DBTUT0_ITM_1.FBC/dt_DBTUT0_ITM_1.txtbin	ascii	0	0	0
493	romdata/DGN_DT/DT_DBTUT0_SET_1.FBC.z	DT_DBTUT0_TRA_1.FBC/dt_DBTUT0_TRA_1.txtbin	ascii	0	0	0
494	romdata/DGN_DT/DT_DBTUT1.FBC.z	DT_DBTUT1_SET_1.FBC/dt_DBTUT1_SET_1.txtbin	ascii	0	0	0
495	romdata/DGN_DT/DT_DBTUT1_SET_1.FBC.z	DT_DBTUT1_EBS_1.FBC/dt_DBTUT1_EBS_1.txtbin	ascii	0	0	0
495	romdata/DGN_DT/DT_DBTUT1_SET_1.FBC.z	DT_DBTUT1_ENM_1.FBC/dt_DBTUT1_ENM_1.txtbin	ascii	0	0	0
495	romdata/DGN_DT/DT_DBTUT1_SET_1.FBC.z	DT_DBTUT1_EST_1.FBC/dt_DBTUT1_EST_1.txtbin	ascii	0	0	0
495	romdata/DGN_DT/DT_DBTUT1_SET_1.FBC.z	DT_DBTUT1_ITM_1.FBC/dt_DBTUT1_ITM_1.txtbin	ascii	0	0	0
495	romdata/DGN_DT/DT_DBTUT1_SET_1.FBC.z	DT_DBTUT1_TRA_1.FBC/dt_DBTUT1_TRA_1.txtbin	ascii	0	0	0
496	romdata/DGN_DT/DT_DBWAT0.FBC.z	DT_DBWAT0_SET_1.FBC/dt_DBWAT0_SET_1.txtbin	ascii	0	0	0
497	romdata/DGN_DT/DT_DBWAT0_SET_1.FBC.z	DT_DBWAT0_EBS_1.FBC/dt_DBWAT0_EBS_1.txtbin	ascii	0	0	0
497	romdata/DGN_DT/DT_DBWAT0_SET_1.FBC.z	DT_DBWAT0_ENM_1.FBC/dt_DBWAT0_ENM_1.txtbin	ascii	0	0	0
497	romdata/DGN_DT/DT_DBWAT0_SET_1.FBC.z	DT_DBWAT0_EST_1.FBC/dt_DBWAT0_EST_1.txtbin	ascii	0	0	0
497	romdata/DGN_DT/DT_DBWAT0_SET_1.FBC.z	DT_DBWAT0_ITM_1.FBC/dt_DBWAT0_ITM_1.txtbin	ascii	0	0	0
497	romdata/DGN_DT/DT_DBWAT0_SET_1.FBC.z	DT_DBWAT0_TRA_1.FBC/dt_DBWAT0_TRA_1.txtbin	ascii	0	0	0
498	romdata/DGN_DT/DT_DECHO0.FBC.z	DT_DECHO0_SET_1.FBC/dt_DECHO0_SET_1.txtbin	ascii	0	0	0
499	romdata/DGN_DT/DT_DECHO0_SET_1.FBC.z	DT_DECHO0_EBS_1.FBC/dt_DECHO0_EBS_1.txtbin	ascii	0	0	0
499	romdata/DGN_DT/DT_DECHO0_SET_1.FBC.z	DT_DECHO0_ENM_1.FBC/dt_DECHO0_ENM_1.txtbin	ascii	0	0	0
499	romdata/DGN_DT/DT_DECHO0_SET_1.FBC.z	DT_DECHO0_EST_1.FBC/dt_DECHO0_EST_1.txtbin	ascii	0	0	0
499	romdata/DGN_DT/DT_DECHO0_SET_1.FBC.z	DT_DECHO0_ITM_1.FBC/dt_DECHO0_ITM_1.txtbin	ascii	0	0	0
499	romdata/DGN_DT/DT_DECHO0_SET_1.FBC.z	DT_DECHO0_TRA_1.FBC/dt_DECHO0_TRA_1.txtbin	ascii	0	0	0
500	romdata/DGN_DT/DT_DECHO0_SET_2.FBC.z	DT_DECHO0_EBS_2.FBC/dt_DECHO0_EBS_2.txtbin	ascii	0	0	0
500	romdata/DGN_DT/DT_DECHO0_SET_2.FBC.z	DT_DECHO0_ENM_2.FBC/dt_DECHO0_ENM_2.txtbin	ascii	0	0	0
500	romdata/DGN_DT/DT_DECHO0_SET_2.FBC.z	DT_DECHO0_EST_2.FBC/dt_DECHO0_EST_2.txtbin	ascii	0	0	0
500	romdata/DGN_DT/DT_DECHO0_SET_2.FBC.z	DT_DECHO0_ITM_2.FBC/dt_DECHO0_ITM_2.txtbin	ascii	0	0	0
500	romdata/DGN_DT/DT_DECHO0_SET_2.FBC.z	DT_DECHO0_TRA_2.FBC/dt_DECHO0_TRA_2.txtbin	ascii	0	0	0
501	romdata/DGN_DT/DT_DECID0.FBC.z	DT_DECID0_SET_1.FBC/dt_DECID0_SET_1.txtbin	ascii	0	0	0
502	romdata/DGN_DT/DT_DECID0_SET_1.FBC.z	DT_DECID0_EBS_1.FBC/dt_DECID0_EBS_1.txtbin	ascii	0	0	0
502	romdata/DGN_DT/DT_DECID0_SET_1.FBC.z	DT_DECID0_ENM_1.FBC/dt_DECID0_ENM_1.txtbin	ascii	0	0	0
502	romdata/DGN_DT/DT_DECID0_SET_1.FBC.z	DT_DECID0_EST_1.FBC/dt_DECID0_EST_1.txtbin	ascii	0	0	0
502	romdata/DGN_DT/DT_DECID0_SET_1.FBC.z	DT_DECID0_ITM_1.FBC/dt_DECID0_ITM_1.txtbin	ascii	0	0	0
502	romdata/DGN_DT/DT_DECID0_SET_1.FBC.z	DT_DECID0_TRA_1.FBC/dt_DECID0_TRA_1.txtbin	ascii	0	0	0
503	romdata/DGN_DT/DT_DECID0_SET_2.FBC.z	DT_DECID0_EBS_2.FBC/dt_DECID0_EBS_2.txtbin	ascii	0	0	0
503	romdata/DGN_DT/DT_DECID0_SET_2.FBC.z	DT_DECID0_ENM_2.FBC/dt_DECID0_ENM_2.txtbin	ascii	0	0	0
503	romdata/DGN_DT/DT_DECID0_SET_2.FBC.z	DT_DECID0_EST_2.FBC/dt_DECID0_EST_2.txtbin	ascii	0	0	0
503	romdata/DGN_DT/DT_DECID0_SET_2.FBC.z	DT_DECID0_ITM_2.FBC/dt_DECID0_ITM_2.txtbin	ascii	0	0	0
503	romdata/DGN_DT/DT_DECID0_SET_2.FBC.z	DT_DECID0_TRA_2.FBC/dt_DECID0_TRA_2.txtbin	ascii	0	0	0
504	romdata/DGN_DT/DT_DEDRM0.FBC.z	DT_DEDRM0_SET_1.FBC/dt_DEDRM0_SET_1.txtbin	ascii	0	0	0
505	romdata/DGN_DT/DT_DEDRM0_SET_1.FBC.z	DT_DEDRM0_EBS_1.FBC/dt_DEDRM0_EBS_1.txtbin	ascii	0	0	0
505	romdata/DGN_DT/DT_DEDRM0_SET_1.FBC.z	DT_DEDRM0_ENM_1.FBC/dt_DEDRM0_ENM_1.txtbin	ascii	0	0	0
505	romdata/DGN_DT/DT_DEDRM0_SET_1.FBC.z	DT_DEDRM0_EST_1.FBC/dt_DEDRM0_EST_1.txtbin	ascii	0	0	0
505	romdata/DGN_DT/DT_DEDRM0_SET_1.FBC.z	DT_DEDRM0_ITM_1.FBC/dt_DEDRM0_ITM_1.txtbin	ascii	0	0	0
505	romdata/DGN_DT/DT_DEDRM0_SET_1.FBC.z	DT_DEDRM0_TRA_1.FBC/dt_DEDRM0_TRA_1.txtbin	ascii	0	0	0
506	romdata/DGN_DT/DT_DELRM0.FBC.z	DT_DELRM0_SET_1.FBC/dt_DELRM0_SET_1.txtbin	ascii	0	0	0
507	romdata/DGN_DT/DT_DELRM0_SET_1.FBC.z	DT_DELRM0_EBS_1.FBC/dt_DELRM0_EBS_1.txtbin	ascii	0	0	0
507	romdata/DGN_DT/DT_DELRM0_SET_1.FBC.z	DT_DELRM0_ENM_1.FBC/dt_DELRM0_ENM_1.txtbin	ascii	0	0	0
507	romdata/DGN_DT/DT_DELRM0_SET_1.FBC.z	DT_DELRM0_EST_1.FBC/dt_DELRM0_EST_1.txtbin	ascii	0	0	0
507	romdata/DGN_DT/DT_DELRM0_SET_1.FBC.z	DT_DELRM0_ITM_1.FBC/dt_DELRM0_ITM_1.txtbin	ascii	0	0	0
507	romdata/DGN_DT/DT_DELRM0_SET_1.FBC.z	DT_DELRM0_TRA_1.FBC/dt_DELRM0_TRA_1.txtbin	ascii	0	0	0
508	romdata/DGN_DT/DT_DESHP0.FBC.z	DT_DESHP0_SET_1.FBC/dt_DESHP0_SET_1.txtbin	ascii	0	0	0
509	romdata/DGN_DT/DT_DESHP0_SET_1.FBC.z	DT_DESHP0_EBS_1.FBC/dt_DESHP0_EBS_1.txtbin	ascii	0	0	0
509	romdata/DGN_DT/DT_DESHP0_SET_1.FBC.z	DT_DESHP0_ENM_1.FBC/dt_DESHP0_ENM_1.txtbin	ascii	0	0	0
509	romdata/DGN_DT/DT_DESHP0_SET_1.FBC.z	DT_DESHP0_EST_1.FBC/dt_DESHP0_EST_1.txtbin	ascii	0	0	0
509	romdata/DGN_DT/DT_DESHP0_SET_1.FBC.z	DT_DESHP0_ITM_1.FBC/dt_DESHP0_ITM_1.txtbin	ascii	0	0	0
509	romdata/DGN_DT/DT_DESHP0_SET_1.FBC.z	DT_DESHP0_TRA_1.FBC/dt_DESHP0_TRA_1.txtbin	ascii	0	0	0
510	romdata/DGN_DT/DT_DMAMR0.FBC.z	DT_DMAMR0_SET_1.FBC/dt_DMAMR0_SET_1.txtbin	ascii	0	0	0
511	romdata/DGN_DT/DT_DMAMR0_SET_1.FBC.z	DT_DMAMR0_EBS_1.FBC/dt_DMAMR0_EBS_1.txtbin	ascii	0	0	0
511	romdata/DGN_DT/DT_DMAMR0_SET_1.FBC.z	DT_DMAMR0_ENM_1.FBC/dt_DMAMR0_ENM_1.txtbin	ascii	0	0	0
511	romdata/DGN_DT/DT_DMAMR0_SET_1.FBC.z	DT_DMAMR0_EST_1.FBC/dt_DMAMR0_EST_1.txtbin	ascii	0	0	0
511	romdata/DGN_DT/DT_DMAMR0_SET_1.FBC.z	DT_DMAMR0_ITM_1.FBC/dt_DMAMR0_ITM_1.txtbin	ascii	0	0	0
511	romdata/DGN_DT/DT_DMAMR0_SET_1.FBC.z	DT_DMAMR0_TRA_1.FBC/dt_DMAMR0_TRA_1.txtbin	ascii	0	0	0
512	romdata/DGN_DT/DT_DMCID0.FBC.z	DT_DMCID0_SET_1.FBC/dt_DMCID0_SET_1.txtbin	ascii	0	0	0
513	romdata/DGN_DT/DT_DMCID0_SET_1.FBC.z	DT_DMCID0_EBS_1.FBC/dt_DMCID0_EBS_1.txtbin	ascii	0	0	0
513	romdata/DGN_DT/DT_DMCID0_SET_1.FBC.z	DT_DMCID0_ENM_1.FBC/dt_DMCID0_ENM_1.txtbin	ascii	0	0	0
513	romdata/DGN_DT/DT_DMCID0_SET_1.FBC.z	DT_DMCID0_EST_1.FBC/dt_DMCID0_EST_1.txtbin	ascii	0	0	0
513	romdata/DGN_DT/DT_DMCID0_SET_1.FBC.z	DT_DMCID0_ITM_1.FBC/dt_DMCID0_ITM_1.txtbin	ascii	0	0	0
513	romdata/DGN_DT/DT_DMCID0_SET_1.FBC.z	DT_DMCID0_TRA_1.FBC/dt_DMCID0_TRA_1.txtbin	ascii	0	0	0
514	romdata/DGN_DT/DT_DMCRE0.FBC.z	DT_DMCRE0_SET_1.FBC/dt_DMCRE0_SET_1.txtbin	ascii	0	0	0
515	romdata/DGN_DT/DT_DMCRE0_SET_1.FBC.z	DT_DMCRE0_EBS_1.FBC/dt_DMCRE0_EBS_1.txtbin	ascii	0	0	0
515	romdata/DGN_DT/DT_DMCRE0_SET_1.FBC.z	DT_DMCRE0_ENM_1.FBC/dt_DMCRE0_ENM_1.txtbin	ascii	0	0	0
515	romdata/DGN_DT/DT_DMCRE0_SET_1.FBC.z	DT_DMCRE0_EST_1.FBC/dt_DMCRE0_EST_1.txtbin	ascii	0	0	0
515	romdata/DGN_DT/DT_DMCRE0_SET_1.FBC.z	DT_DMCRE0_ITM_1.FBC/dt_DMCRE0_ITM_1.txtbin	ascii	0	0	0
515	romdata/DGN_DT/DT_DMCRE0_SET_1.FBC.z	DT_DMCRE0_TRA_1.FBC/dt_DMCRE0_TRA_1.txtbin	ascii	0	0	0
516	romdata/DGN_DT/DT_DMDAD0.FBC.z	DT_DMDAD0_SET_1.FBC/dt_DMDAD0_SET_1.txtbin	ascii	0	0	0
517	romdata/DGN_DT/DT_DMDAD0_SET_1.FBC.z	DT_DMDAD0_EBS_1.FBC/dt_DMDAD0_EBS_1.txtbin	ascii	0	0	0
517	romdata/DGN_DT/DT_DMDAD0_SET_1.FBC.z	DT_DMDAD0_ENM_1.FBC/dt_DMDAD0_ENM_1.txtbin	ascii	0	0	0
517	romdata/DGN_DT/DT_DMDAD0_SET_1.FBC.z	DT_DMDAD0_EST_1.FBC/dt_DMDAD0_EST_1.txtbin	ascii	0	0	0
517	romdata/DGN_DT/DT_DMDAD0_SET_1.FBC.z	DT_DMDAD0_ITM_1.FBC/dt_DMDAD0_ITM_1.txtbin	ascii	0	0	0
517	romdata/DGN_DT/DT_DMDAD0_SET_1.FBC.z	DT_DMDAD0_TRA_1.FBC/dt_DMDAD0_TRA_1.txtbin	ascii	0	0	0
518	romdata/DGN_DT/DT_DMFRE0.FBC.z	DT_DMFRE0_SET_1.FBC/dt_DMFRE0_SET_1.txtbin	ascii	0	0	0
519	romdata/DGN_DT/DT_DMFRE0_SET_1.FBC.z	DT_DMFRE0_EBS_1.FBC/dt_DMFRE0_EBS_1.txtbin	ascii	0	0	0
519	romdata/DGN_DT/DT_DMFRE0_SET_1.FBC.z	DT_DMFRE0_ENM_1.FBC/dt_DMFRE0_ENM_1.txtbin	ascii	0	0	0
519	romdata/DGN_DT/DT_DMFRE0_SET_1.FBC.z	DT_DMFRE0_EST_1.FBC/dt_DMFRE0_EST_1.txtbin	ascii	0	0	0
519	romdata/DGN_DT/DT_DMFRE0_SET_1.FBC.z	DT_DMFRE0_ITM_1.FBC/dt_DMFRE0_ITM_1.txtbin	ascii	0	0	0
519	romdata/DGN_DT/DT_DMFRE0_SET_1.FBC.z	DT_DMFRE0_TRA_1.FBC/dt_DMFRE0_TRA_1.txtbin	ascii	0	0	0
520	romdata/DGN_DT/DT_DMFRO0.FBC.z	DT_DMFRO0_SET_1.FBC/dt_DMFRO0_SET_1.txtbin	ascii	0	0	0
521	romdata/DGN_DT/DT_DMFRO0_SET_1.FBC.z	DT_DMFRO0_EBS_1.FBC/dt_DMFRO0_EBS_1.txtbin	ascii	0	0	0
521	romdata/DGN_DT/DT_DMFRO0_SET_1.FBC.z	DT_DMFRO0_ENM_1.FBC/dt_DMFRO0_ENM_1.txtbin	ascii	0	0	0
521	romdata/DGN_DT/DT_DMFRO0_SET_1.FBC.z	DT_DMFRO0_EST_1.FBC/dt_DMFRO0_EST_1.txtbin	ascii	0	0	0
521	romdata/DGN_DT/DT_DMFRO0_SET_1.FBC.z	DT_DMFRO0_ITM_1.FBC/dt_DMFRO0_ITM_1.txtbin	ascii	0	0	0
521	romdata/DGN_DT/DT_DMFRO0_SET_1.FBC.z	DT_DMFRO0_TRA_1.FBC/dt_DMFRO0_TRA_1.txtbin	ascii	0	0	0
522	romdata/DGN_DT/DT_DMGEI0.FBC.z	DT_DMGEI0_SET_1.FBC/dt_DMGEI0_SET_1.txtbin	ascii	0	0	0
523	romdata/DGN_DT/DT_DMGEI0_SET_1.FBC.z	DT_DMGEI0_EBS_1.FBC/dt_DMGEI0_EBS_1.txtbin	ascii	0	0	0
523	romdata/DGN_DT/DT_DMGEI0_SET_1.FBC.z	DT_DMGEI0_ENM_1.FBC/dt_DMGEI0_ENM_1.txtbin	ascii	0	0	0
523	romdata/DGN_DT/DT_DMGEI0_SET_1.FBC.z	DT_DMGEI0_EST_1.FBC/dt_DMGEI0_EST_1.txtbin	ascii	0	0	0
523	romdata/DGN_DT/DT_DMGEI0_SET_1.FBC.z	DT_DMGEI0_ITM_1.FBC/dt_DMGEI0_ITM_1.txtbin	ascii	0	0	0
523	romdata/DGN_DT/DT_DMGEI0_SET_1.FBC.z	DT_DMGEI0_TRA_1.FBC/dt_DMGEI0_TRA_1.txtbin	ascii	0	0	0
524	romdata/DGN_DT/DT_DMHAR0.FBC.z	DT_DMHAR0_SET_1.FBC/dt_DMHAR0_SET_1.txtbin	ascii	0	0	0
525	romdata/DGN_DT/DT_DMHAR0_SET_1.FBC.z	DT_DMHAR0_EBS_1.FBC/dt_DMHAR0_EBS_1.txtbin	ascii	0	0	0
525	romdata/DGN_DT/DT_DMHAR0_SET_1.FBC.z	DT_DMHAR0_ENM_1.FBC/dt_DMHAR0_ENM_1.txtbin	ascii	0	0	0
525	romdata/DGN_DT/DT_DMHAR0_SET_1.FBC.z	DT_DMHAR0_EST_1.FBC/dt_DMHAR0_EST_1.txtbin	ascii	0	0	0
525	romdata/DGN_DT/DT_DMHAR0_SET_1.FBC.z	DT_DMHAR0_ITM_1.FBC/dt_DMHAR0_ITM_1.txtbin	ascii	0	0	0
525	romdata/DGN_DT/DT_DMHAR0_SET_1.FBC.z	DT_DMHAR0_TRA_1.FBC/dt_DMHAR0_TRA_1.txtbin	ascii	0	0	0
526	romdata/DGN_DT/DT_DMKRO0.FBC.z	DT_DMKRO0_SET_1.FBC/dt_DMKRO0_SET_1.txtbin	ascii	0	0	0
527	romdata/DGN_DT/DT_DMKRO0_SET_1.FBC.z	DT_DMKRO0_EBS_1.FBC/dt_DMKRO0_EBS_1.txtbin	ascii	0	0	0
527	romdata/DGN_DT/DT_DMKRO0_SET_1.FBC.z	DT_DMKRO0_ENM_1.FBC/dt_DMKRO0_ENM_1.txtbin	ascii	0	0	0
527	romdata/DGN_DT/DT_DMKRO0_SET_1.FBC.z	DT_DMKRO0_EST_1.FBC/dt_DMKRO0_EST_1.txtbin	ascii	0	0	0
527	romdata/DGN_DT/DT_DMKRO0_SET_1.FBC.z	DT_DMKRO0_ITM_1.FBC/dt_DMKRO0_ITM_1.txtbin	ascii	0	0	0
527	romdata/DGN_DT/DT_DMKRO0_SET_1.FBC.z	DT_DMKRO0_TRA_1.FBC/dt_DMKRO0_TRA_1.txtbin	ascii	0	0	0
528	romdata/DGN_DT/DT_DMMAR0.FBC.z	DT_DMMAR0_SET_1.FBC/dt_DMMAR0_SET_1.txtbin	ascii	0	0	0
529	romdata/DGN_DT/DT_DMMAR0_SET_1.FBC.z	DT_DMMAR0_EBS_1.FBC/dt_DMMAR0_EBS_1.txtbin	ascii	0	0	0
529	romdata/DGN_DT/DT_DMMAR0_SET_1.FBC.z	DT_DMMAR0_ENM_1.FBC/dt_DMMAR0_ENM_1.txtbin	ascii	0	0	0
529	romdata/DGN_DT/DT_DMMAR0_SET_1.FBC.z	DT_DMMAR0_EST_1.FBC/dt_DMMAR0_EST_1.txtbin	ascii	0	0	0
529	romdata/DGN_DT/DT_DMMAR0_SET_1.FBC.z	DT_DMMAR0_ITM_1.FBC/dt_DMMAR0_ITM_1.txtbin	ascii	0	0	0
529	romdata/DGN_DT/DT_DMMAR0_SET_1.FBC.z	DT_DMMAR0_TRA_1.FBC/dt_DMMAR0_TRA_1.txtbin	ascii	0	0	0
530	romdata/DGN_DT/DT_DMMEA0.FBC.z	DT_DMMEA0_SET_1.FBC/dt_DMMEA0_SET_1.txtbin	ascii	0	0	0
531	romdata/DGN_DT/DT_DMMEA0_SET_1.FBC.z	DT_DMMEA0_EBS_1.FBC/dt_DMMEA0_EBS_1.txtbin	ascii	0	0	0
531	romdata/DGN_DT/DT_DMMEA0_SET_1.FBC.z	DT_DMMEA0_ENM_1.FBC/dt_DMMEA0_ENM_1.txtbin	ascii	0	0	0
531	romdata/DGN_DT/DT_DMMEA0_SET_1.FBC.z	DT_DMMEA0_EST_1.FBC/dt_DMMEA0_EST_1.txtbin	ascii	0	0	0
531	romdata/DGN_DT/DT_DMMEA0_SET_1.FBC.z	DT_DMMEA0_ITM_1.FBC/dt_DMMEA0_ITM_1.txtbin	ascii	0	0	0
531	romdata/DGN_DT/DT_DMMEA0_SET_1.FBC.z	DT_DMMEA0_TRA_1.FBC/dt_DMMEA0_TRA_1.txtbin	ascii	0	0	0
532	romdata/DGN_DT/DT_DMMED0.FBC.z	DT_DMMED0_SET_1.FBC/dt_DMMED0_SET_1.txtbin	ascii	0	0	0
533	romdata/DGN_DT/DT_DMMED0_SET_1.FBC.z	DT_DMMED0_EBS_1.FBC/dt_DMMED0_EBS_1.txtbin	ascii	0	0	0
533	romdata/DGN_DT/DT_DMMED0_SET_1.FBC.z	DT_DMMED0_ENM_1.FBC/dt_DMMED0_ENM_1.txtbin	ascii	0	0	0
533	romdata/DGN_DT/DT_DMMED0_SET_1.FBC.z	DT_DMMED0_EST_1.FBC/dt_DMMED0_EST_1.txtbin	ascii	0	0	0
533	romdata/DGN_DT/DT_DMMED0_SET_1.FBC.z	DT_DMMED0_ITM_1.FBC/dt_DMMED0_ITM_1.txtbin	ascii	0	0	0
533	romdata/DGN_DT/DT_DMMED0_SET_1.FBC.z	DT_DMMED0_TRA_1.FBC/dt_DMMED0_TRA_1.txtbin	ascii	0	0	0
534	romdata/DGN_DT/DT_DMPUB0.FBC.z	DT_DMPUB0_SET_1.FBC/dt_DMPUB0_SET_1.txtbin	ascii	0	0	0
535	romdata/DGN_DT/DT_DMPUB0_SET_1.FBC.z	DT_DMPUB0_EBS_1.FBC/dt_DMPUB0_EBS_1.txtbin	ascii	0	0	0
535	romdata/DGN_DT/DT_DMPUB0_SET_1.FBC.z	DT_DMPUB0_ENM_1.FBC/dt_DMPUB0_ENM_1.txtbin	ascii	0	0	0
535	romdata/DGN_DT/DT_DMPUB0_SET_1.FBC.z	DT_DMPUB0_EST_1.FBC/dt_DMPUB0_EST_1.txtbin	ascii	0	0	0
535	romdata/DGN_DT/DT_DMPUB0_SET_1.FBC.z	DT_DMPUB0_ITM_1.FBC/dt_DMPUB0_ITM_1.txtbin	ascii	0	0	0
535	romdata/DGN_DT/DT_DMPUB0_SET_1.FBC.z	DT_DMPUB0_TRA_1.FBC/dt_DMPUB0_TRA_1.txtbin	ascii	0	0	0
536	romdata/DGN_DT/DT_DMPUB1.FBC.z	DT_DMPUB1_SET_1.FBC/dt_DMPUB1_SET_1.txtbin	ascii	0	0	0
537	romdata/DGN_DT/DT_DMPUB1_SET_1.FBC.z	DT_DMPUB1_EBS_1.FBC/dt_DMPUB1_EBS_1.txtbin	ascii	0	0	0
537	romdata/DGN_DT/DT_DMPUB1_SET_1.FBC.z	DT_DMPUB1_ENM_1.FBC/dt_DMPUB1_ENM_1.txtbin	ascii	0	0	0
537	romdata/DGN_DT/DT_DMPUB1_SET_1.FBC.z	DT_DMPUB1_EST_1.FBC/dt_DMPUB1_EST_1.txtbin	ascii	0	0	0
537	romdata/DGN_DT/DT_DMPUB1_SET_1.FBC.z	DT_DMPUB1_ITM_1.FBC/dt_DMPUB1_ITM_1.txtbin	ascii	0	0	0
537	romdata/DGN_DT/DT_DMPUB1_SET_1.FBC.z	DT_DMPUB1_TRA_1.FBC/dt_DMPUB1_TRA_1.txtbin	ascii	0	0	0
538	romdata/DGN_DT/DT_DMPUB2.FBC.z	DT_DMPUB2_SET_1.FBC/dt_DMPUB2_SET_1.txtbin	ascii	0	0	0
539	romdata/DGN_DT/DT_DMPUB2_SET_1.FBC.z	DT_DMPUB2_EBS_1.FBC/dt_DMPUB2_EBS_1.txtbin	ascii	0	0	0
539	romdata/DGN_DT/DT_DMPUB2_SET_1.FBC.z	DT_DMPUB2_ENM_1.FBC/dt_DMPUB2_ENM_1.txtbin	ascii	0	0	0
539	romdata/DGN_DT/DT_DMPUB2_SET_1.FBC.z	DT_DMPUB2_EST_1.FBC/dt_DMPUB2_EST_1.txtbin	ascii	0	0	0
539	romdata/DGN_DT/DT_DMPUB2_SET_1.FBC.z	DT_DMPUB2_ITM_1.FBC/dt_DMPUB2_ITM_1.txtbin	ascii	0	0	0
539	romdata/DGN_DT/DT_DMPUB2_SET_1.FBC.z	DT_DMPUB2_TRA_1.FBC/dt_DMPUB2_TRA_1.txtbin	ascii	0	0	0
540	romdata/DGN_DT/DT_DMROC0.FBC.z	DT_DMROC0_SET_1.FBC/dt_DMROC0_SET_1.txtbin	ascii	0	0	0
541	romdata/DGN_DT/DT_DMROC0_SET_1.FBC.z	DT_DMROC0_EBS_1.FBC/dt_DMROC0_EBS_1.txtbin	ascii	0	0	0
541	romdata/DGN_DT/DT_DMROC0_SET_1.FBC.z	DT_DMROC0_ENM_1.FBC/dt_DMROC0_ENM_1.txtbin	ascii	0	0	0
541	romdata/DGN_DT/DT_DMROC0_SET_1.FBC.z	DT_DMROC0_EST_1.FBC/dt_DMROC0_EST_1.txtbin	ascii	0	0	0
541	romdata/DGN_DT/DT_DMROC0_SET_1.FBC.z	DT_DMROC0_ITM_1.FBC/dt_DMROC0_ITM_1.txtbin	ascii	0	0	0
541	romdata/DGN_DT/DT_DMROC0_SET_1.FBC.z	DT_DMROC0_TRA_1.FBC/dt_DMROC0_TRA_1.txtbin	ascii	0	0	0
542	romdata/DGN_DT/DT_DMROD0.FBC.z	DT_DMROD0_SET_1.FBC/dt_DMROD0_SET_1.txtbin	ascii	0	0	0
543	romdata/DGN_DT/DT_DMROD0_SET_1.FBC.z	DT_DMROD0_EBS_1.FBC/dt_DMROD0_EBS_1.txtbin	ascii	0	0	0
543	romdata/DGN_DT/DT_DMROD0_SET_1.FBC.z	DT_DMROD0_ENM_1.FBC/dt_DMROD0_ENM_1.txtbin	ascii	0	0	0
543	romdata/DGN_DT/DT_DMROD0_SET_1.FBC.z	DT_DMROD0_EST_1.FBC/dt_DMROD0_EST_1.txtbin	ascii	0	0	0
543	romdata/DGN_DT/DT_DMROD0_SET_1.FBC.z	DT_DMROD0_ITM_1.FBC/dt_DMROD0_ITM_1.txtbin	ascii	0	0	0
543	romdata/DGN_DT/DT_DMROD0_SET_1.FBC.z	DT_DMROD0_TRA_1.FBC/dt_DMROD0_TRA_1.txtbin	ascii	0	0	0
544	romdata/DGN_DT/DT_DMSHA0.FBC.z	DT_DMSHA0_SET_1.FBC/dt_DMSHA0_SET_1.txtbin	ascii	0	0	0
545	romdata/DGN_DT/DT_DMSHA0_SET_1.FBC.z	DT_DMSHA0_EBS_1.FBC/dt_DMSHA0_EBS_1.txtbin	ascii	0	0	0
545	romdata/DGN_DT/DT_DMSHA0_SET_1.FBC.z	DT_DMSHA0_ENM_1.FBC/dt_DMSHA0_ENM_1.txtbin	ascii	0	0	0
545	romdata/DGN_DT/DT_DMSHA0_SET_1.FBC.z	DT_DMSHA0_EST_1.FBC/dt_DMSHA0_EST_1.txtbin	ascii	0	0	0
545	romdata/DGN_DT/DT_DMSHA0_SET_1.FBC.z	DT_DMSHA0_ITM_1.FBC/dt_DMSHA0_ITM_1.txtbin	ascii	0	0	0
545	romdata/DGN_DT/DT_DMSHA0_SET_1.FBC.z	DT_DMSHA0_TRA_1.FBC/dt_DMSHA0_TRA_1.txtbin	ascii	0	0	0
546	romdata/DGN_DT/DT_DMSHI0.FBC.z	DT_DMSHI0_SET_1.FBC/dt_DMSHI0_SET_1.txtbin	ascii	0	0	0
547	romdata/DGN_DT/DT_DMSHI0_SET_1.FBC.z	DT_DMSHI0_EBS_1.FBC/dt_DMSHI0_EBS_1.txtbin	ascii	0	0	0
547	romdata/DGN_DT/DT_DMSHI0_SET_1.FBC.z	DT_DMSHI0_ENM_1.FBC/dt_DMSHI0_ENM_1.txtbin	ascii	0	0	0
547	romdata/DGN_DT/DT_DMSHI0_SET_1.FBC.z	DT_DMSHI0_EST_1.FBC/dt_DMSHI0_EST_1.txtbin	ascii	0	0	0
547	romdata/DGN_DT/DT_DMSHI0_SET_1.FBC.z	DT_DMSHI0_ITM_1.FBC/dt_DMSHI0_ITM_1.txtbin	ascii	0	0	0
547	romdata/DGN_DT/DT_DMSHI0_SET_1.FBC.z	DT_DMSHI0_TRA_1.FBC/dt_DMSHI0_TRA_1.txtbin	ascii	0	0	0
548	romdata/DGN_DT/DT_DMSTE0.FBC.z	DT_DMSTE0_SET_1.FBC/dt_DMSTE0_SET_1.txtbin	ascii	0	0	0
549	romdata/DGN_DT/DT_DMSTE0_SET_1.FBC.z	DT_DMSTE0_EBS_1.FBC/dt_DMSTE0_EBS_1.txtbin	ascii	0	0	0
549	romdata/DGN_DT/DT_DMSTE0_SET_1.FBC.z	DT_DMSTE0_ENM_1.FBC/dt_DMSTE0_ENM_1.txtbin	ascii	0	0	0
549	romdata/DGN_DT/DT_DMSTE0_SET_1.FBC.z	DT_DMSTE0_EST_1.FBC/dt_DMSTE0_EST_1.txtbin	ascii	0	0	0
549	romdata/DGN_DT/DT_DMSTE0_SET_1.FBC.z	DT_DMSTE0_ITM_1.FBC/dt_DMSTE0_ITM_1.txtbin	ascii	0	0	0
549	romdata/DGN_DT/DT_DMSTE0_SET_1.FBC.z	DT_DMSTE0_TRA_1.FBC/dt_DMSTE0_TRA_1.txtbin	ascii	0	0	0
550	romdata/DGN_DT/DT_DMTST0.FBC.z	DT_DMTST0_SET_1.FBC/dt_DMTST0_SET_1.txtbin	ascii	0	0	0
551	romdata/DGN_DT/DT_DMTST0_SET_1.FBC.z	DT_DMTST0_EBS_1.FBC/dt_DMTST0_EBS_1.txtbin	ascii	0	0	0
551	romdata/DGN_DT/DT_DMTST0_SET_1.FBC.z	DT_DMTST0_ENM_1.FBC/dt_DMTST0_ENM_1.txtbin	ascii	0	0	0
551	romdata/DGN_DT/DT_DMTST0_SET_1.FBC.z	DT_DMTST0_EST_1.FBC/dt_DMTST0_EST_1.txtbin	ascii	0	0	0
551	romdata/DGN_DT/DT_DMTST0_SET_1.FBC.z	DT_DMTST0_ITM_1.FBC/dt_DMTST0_ITM_1.txtbin	ascii	0	0	0
551	romdata/DGN_DT/DT_DMTST0_SET_1.FBC.z	DT_DMTST0_TRA_1.FBC/dt_DMTST0_TRA_1.txtbin	ascii	0	0	0
552	romdata/DGN_DT/DT_DMVOL0.FBC.z	DT_DMVOL0_SET_1.FBC/dt_DMVOL0_SET_1.txtbin	ascii	0	0	0
553	romdata/DGN_DT/DT_DMVOL0_SET_1.FBC.z	DT_DMVOL0_EBS_1.FBC/dt_DMVOL0_EBS_1.txtbin	ascii	0	0	0
553	romdata/DGN_DT/DT_DMVOL0_SET_1.FBC.z	DT_DMVOL0_ENM_1.FBC/dt_DMVOL0_ENM_1.txtbin	ascii	0	0	0
553	romdata/DGN_DT/DT_DMVOL0_SET_1.FBC.z	DT_DMVOL0_EST_1.FBC/dt_DMVOL0_EST_1.txtbin	ascii	0	0	0
553	romdata/DGN_DT/DT_DMVOL0_SET_1.FBC.z	DT_DMVOL0_ITM_1.FBC/dt_DMVOL0_ITM_1.txtbin	ascii	0	0	0
553	romdata/DGN_DT/DT_DMVOL0_SET_1.FBC.z	DT_DMVOL0_TRA_1.FBC/dt_DMVOL0_TRA_1.txtbin	ascii	0	0	0
554	romdata/DT/DT_ALL.FBC.z	DT_ARP_TYPE.FBC/dt_ARP_TYPE.txtbin	cp932	315	187	1127
554	romdata/DT/DT_ALL.FBC.z	DT_DGN_BG.FBC/dt_DGN_BG.txtbin	ascii	21	21	126
554	romdata/DT/DT_ALL.FBC.z	DT_DGN_CMN.FBC/dt_DGN_CMN.txtbin	cp932	74	74	452
554	romdata/DT/DT_ALL.FBC.z	DT_DGN_CMN_OBJ.FBC/dt_DGN_CMN_OBJ.txtbin	cp932	72	70	483
554	romdata/DT/DT_ALL.FBC.z	DT_DGN_CMN_TRA.FBC/dt_DGN_CMN_TRA.txtbin	cp932	74	74	405
554	romdata/DT/DT_ALL.FBC.z	DT_DGN_DUEL.FBC/dt_DGN_DUEL.txtbin	ascii	0	0	0
554	romdata/DT/DT_ALL.FBC.z	DT_DGN_LROOM.FBC/dt_DGN_LROOM.txtbin	ascii	0	0	0
554	romdata/DT/DT_ALL.FBC.z	DT_DGN_RM.FBC/dt_DGN_RM.txtbin	ascii	21	21	126
554	romdata/DT/DT_ALL.FBC.z	DT_DGN_SHOP.FBC/dt_DGN_SHOP.txtbin	ascii	0	0	0
554	romdata/DT/DT_ALL.FBC.z	DT_DGN_ST.FBC/dt_DGN_ST.txtbin	ascii	11	11	66
554	romdata/DT/DT_ALL.FBC.z	DT_DGN_TRA_MDL.FBC/dt_DGN_TRA_MDL.txtbin	ascii	7	7	44
554	romdata/DT/DT_ALL.FBC.z	DT_EFFECT.FBC/dt_EFFECT.txtbin	ascii	199	199	1820
554	romdata/DT/DT_ALL.FBC.z	DT_ENM_CMN.FBC/dt_ENM_CMN.txtbin	cp932	296	296	1696
554	romdata/DT/DT_ALL.FBC.z	DT_ENM_CMN_ABI.FBC/dt_ENM_CMN_ABI.txtbin	cp932	165	165	804
554	romdata/DT/DT_ALL.FBC.z	DT_ENM_CMN_AI.FBC/dt_ENM_CMN_AI.txtbin	ascii	0	0	0
554	romdata/DT/DT_ALL.FBC.z	DT_ENM_CMN_BOS.FBC/dt_ENM_CMN_BOS.txtbin	ascii	0	0	0
554	romdata/DT/DT_ALL.FBC.z	DT_ENM_CMN_STD.FBC/dt_ENM_CMN_STD.txtbin	ascii	0	0	0
554	romdata/DT/DT_ALL.FBC.z	DT_ENM_CMN_TRT.FBC/dt_ENM_CMN_TRT.txtbin	ascii	0	0	0
554	romdata/DT/DT_ALL.FBC.z	DT_ENM_RANK.FBC/dt_ENM_RANK.txtbin	ascii	0	0	0
554	romdata/DT/DT_ALL.FBC.z	DT_ITEM_ALL.FBC/dt_ITEM_ALL.txtbin	cp932	1366	733	5525
554	romdata/DT/DT_ALL.FBC.z	DT_ITEM_IACC.FBC/dt_ITEM_IACC.txtbin	ascii	0	0	0
554	romdata/DT/DT_ALL.FBC.z	DT_ITEM_IARM.FBC/dt_ITEM_IARM.txtbin	ascii	0	0	0
554	romdata/DT/DT_ALL.FBC.z	DT_ITEM_IBOK.FBC/dt_ITEM_IBOK.txtbin	ascii	0	0	0
554	romdata/DT/DT_ALL.FBC.z	DT_ITEM_ICRD.FBC/dt_ITEM_ICRD.txtbin	ascii	0	0	0
554	romdata/DT/DT_ALL.FBC.z	DT_ITEM_IDEF.FBC/dt_ITEM_IDEF.txtbin	ascii	0	0	0
554	romdata/DT/DT_ALL.FBC.z	DT_ITEM_IDRG.FBC/dt_ITEM_IDRG.txtbin	ascii	0	0	0
554	romdata/DT/DT_ALL.FBC.z	DT_ITEM_IEVT.FBC/dt_ITEM_IEVT.txtbin	ascii	0	0	0
554	romdata/DT/DT_ALL.FBC.z	DT_ITEM_IFOD.FBC/dt_ITEM_IFOD.txtbin	ascii	0	0	0
554	romdata/DT/DT_ALL.FBC.z	DT_ITEM_IITM.FBC/dt_ITEM_IITM.txtbin	ascii	0	0	0
554	romdata/DT/DT_ALL.FBC.z	DT_ITEM_TYPE.FBC/dt_ITEM_TYPE.txtbin	cp932	24	16	34
554	romdata/DT/DT_ALL.FBC.z	DT_PLY_ABT.FBC/dt_PLY_ABT.txtbin	cp932	416	333	3902
554	romdata/DT/DT_ALL.FBC.z	DT_PLY_EXP.FBC/dt_PLY_EXP.txtbin	ascii	0	0	0
554	romdata/DT/DT_ALL.FBC.z	DT_PLY_JOBPARAM.FBC/dt_PLY_JOBPARAM.txtbin	cp932	13	13	43
554	romdata/DT/DT_ALL.FBC.z	DT_PLY_JP.FBC/dt_PLY_JP.txtbin	ascii	0	0	0
554	romdata/DT/DT_ALL.FBC.z	DT_PLY_PARAM.FBC/dt_PLY_PARAM.txtbin	ascii	0	0	0
554	romdata/DT/DT_ALL.FBC.z	DT_PLY_RANGE.FBC/dt_PLY_RANGE.txtbin	ascii	0	0	0
554	romdata/DT/DT_ALL.FBC.z	DT_PLY_SUMMON.FBC/dt_PLY_SUMMON.txtbin	ascii	0	0	0
554	romdata/DT/DT_ALL.FBC.z	DT_SYSMSG.FBC/dt_SYSMSG.txtbin	utf-8	700	700	10379
554	romdata/DT/DT_ALL.FBC.z	DT_UIAREAID.FBC/dt_UIAREAID.txtbin	ascii	0	0	0
554	romdata/DT/DT_ALL.FBC.z	DT_UIICSTM.FBC/dt_UIICSTM.txtbin	ascii	0	0	0
554	romdata/DT/DT_ALL.FBC.z	DT_UILYT.FBC/dt_UILYT.txtbin	ascii	0	0	0
554	romdata/DT/DT_ALL.FBC.z	DT_UIPRM.FBC/dt_UIPRM.txtbin	ascii	0	0	0
555	romdata/DT/DT_ITEM_ALL_TXT0.FBC	dt_ITEM_ALL_TXT0.txtbin	cp932	683	683	7298
556	romdata/DT/DT_ITEM_ALL_TXT1.FBC	dt_ITEM_ALL_TXT1.txtbin	cp932	683	683	28198
557	romdata/DT/GM_DT_EVTMSG0.FBC.z	DT_EVTMSG0.FBC/dt_EVTMSG0.txtbin	utf-8	568	313	9495
558	romdata/DT/GM_DT_EVTMSG1.FBC.z	DT_EVTMSG1.FBC/dt_EVTMSG1.txtbin	utf-8	656	303	8770
559	romdata/DT/GM_DT_EVTMSG10.FBC.z	DT_EVTMSG10.FBC/dt_EVTMSG10.txtbin	utf-8	419	378	11466
560	romdata/DT/GM_DT_EVTMSG2.FBC.z	DT_EVTMSG2.FBC/dt_EVTMSG2.txtbin	utf-8	526	293	9454
561	romdata/DT/GM_DT_EVTMSG3.FBC.z	DT_EVTMSG3.FBC/dt_EVTMSG3.txtbin	utf-8	479	304	9873
562	romdata/DT/GM_DT_EVTMSG4.FBC.z	DT_EVTMSG4.FBC/dt_EVTMSG4.txtbin	utf-8	485	314	9715
563	romdata/DT/GM_DT_EVTMSG5.FBC.z	DT_EVTMSG5.FBC/dt_EVTMSG5.txtbin	utf-8	457	330	9908
564	romdata/DT/GM_DT_EVTMSG6.FBC.z	DT_EVTMSG6.FBC/dt_EVTMSG6.txtbin	utf-8	437	301	10274
565	romdata/DT/GM_DT_EVTMSG7.FBC.z	DT_EVTMSG7.FBC/dt_EVTMSG7.txtbin	utf-8	445	278	11083
566	romdata/DT/GM_DT_EVTMSG8.FBC.z	DT_EVTMSG8.FBC/dt_EVTMSG8.txtbin	utf-8	428	339	10537
567	romdata/DT/GM_DT_EVTMSG9.FBC.z	DT_EVTMSG9.FBC/dt_EVTMSG9.txtbin	utf-8	420	313	10141
1416	romdata/FLD/DT_COL/DT_COL_MAP00.FBC.z	DT_MAP_COL_0.FBC/dt_map_col_0.txtbin	ascii	0	0	0
1416	romdata/FLD/DT_COL/DT_COL_MAP00.FBC.z	DT_MAP_COL_1.FBC/dt_map_col_1.txtbin	ascii	0	0	0
1417	romdata/FLD/DT_COL/DT_COL_MAP01.FBC.z	DT_MAP_COL_0.FBC/dt_map_col_0.txtbin	ascii	0	0	0
1417	romdata/FLD/DT_COL/DT_COL_MAP01.FBC.z	DT_MAP_COL_1.FBC/dt_map_col_1.txtbin	ascii	0	0	0
1418	romdata/FLD/DT_COL/DT_COL_MAP02.FBC.z	DT_MAP_COL_0.FBC/dt_map_col_0.txtbin	ascii	0	0	0
1418	romdata/FLD/DT_COL/DT_COL_MAP02.FBC.z	DT_MAP_COL_1.FBC/dt_map_col_1.txtbin	ascii	0	0	0
1419	romdata/FLD/DT_COL/DT_COL_MAP03.FBC.z	DT_MAP_COL_0.FBC/dt_map_col_0.txtbin	ascii	0	0	0
1419	romdata/FLD/DT_COL/DT_COL_MAP03.FBC.z	DT_MAP_COL_1.FBC/dt_map_col_1.txtbin	ascii	0	0	0
1420	romdata/FLD/DT_COL/DT_COL_MAP04.FBC.z	DT_MAP_COL_0.FBC/dt_map_col_0.txtbin	ascii	0	0	0
1420	romdata/FLD/DT_COL/DT_COL_MAP04.FBC.z	DT_MAP_COL_1.FBC/dt_map_col_1.txtbin	ascii	0	0	0
1421	romdata/FLD/DT_COL/DT_COL_MAP05.FBC.z	DT_MAP_COL_0.FBC/dt_map_col_0.txtbin	ascii	0	0	0
1421	romdata/FLD/DT_COL/DT_COL_MAP05.FBC.z	DT_MAP_COL_1.FBC/dt_map_col_1.txtbin	ascii	0	0	0
1422	romdata/FLD/DT_COL/DT_COL_MAP06.FBC.z	DT_MAP_COL_0.FBC/dt_map_col_0.txtbin	ascii	0	0	0
1422	romdata/FLD/DT_COL/DT_COL_MAP06.FBC.z	DT_MAP_COL_1.FBC/dt_map_col_1.txtbin	ascii	0	0	0
1423	romdata/FLD/DT_COL/DT_COL_MAP07.FBC.z	DT_MAP_COL_0.FBC/dt_map_col_0.txtbin	ascii	0	0	0
1423	romdata/FLD/DT_COL/DT_COL_MAP07.FBC.z	DT_MAP_COL_1.FBC/dt_map_col_1.txtbin	ascii	0	0	0
1424	romdata/FLD/DT_COL/DT_COL_MAP08.FBC.z	DT_MAP_COL_0.FBC/dt_map_col_0.txtbin	ascii	0	0	0
1424	romdata/FLD/DT_COL/DT_COL_MAP08.FBC.z	DT_MAP_COL_1.FBC/dt_map_col_1.txtbin	ascii	0	0	0
1425	romdata/FLD/DT_COL/DT_COL_MAP09.FBC.z	DT_MAP_COL_0.FBC/dt_map_col_0.txtbin	ascii	0	0	0
1425	romdata/FLD/DT_COL/DT_COL_MAP09.FBC.z	DT_MAP_COL_1.FBC/dt_map_col_1.txtbin	ascii	0	0	0
1426	romdata/FLD/DT_COL/DT_COL_MAP10.FBC.z	DT_MAP_COL_0.FBC/dt_map_col_0.txtbin	ascii	0	0	0
1426	romdata/FLD/DT_COL/DT_COL_MAP10.FBC.z	DT_MAP_COL_1.FBC/dt_map_col_1.txtbin	ascii	0	0	0
1427	romdata/FLD/DT_COL/DT_COL_MAP11.FBC.z	DT_MAP_COL_0.FBC/dt_map_col_0.txtbin	ascii	0	0	0
1427	romdata/FLD/DT_COL/DT_COL_MAP11.FBC.z	DT_MAP_COL_1.FBC/dt_map_col_1.txtbin	ascii	0	0	0
1428	romdata/FLD/DT_COL/DT_COL_MAP12.FBC.z	DT_MAP_COL_0.FBC/dt_map_col_0.txtbin	ascii	0	0	0
1428	romdata/FLD/DT_COL/DT_COL_MAP12.FBC.z	DT_MAP_COL_1.FBC/dt_map_col_1.txtbin	ascii	0	0	0
1429	romdata/FLD/DT_COL/DT_COL_MAP13.FBC.z	DT_MAP_COL_0.FBC/dt_map_col_0.txtbin	ascii	0	0	0
1429	romdata/FLD/DT_COL/DT_COL_MAP13.FBC.z	DT_MAP_COL_1.FBC/dt_map_col_1.txtbin	ascii	0	0	0
1430	romdata/FLD/DT_COL/DT_COL_MAP14.FBC.z	DT_MAP_COL_0.FBC/dt_map_col_0.txtbin	ascii	0	0	0
1430	romdata/FLD/DT_COL/DT_COL_MAP14.FBC.z	DT_MAP_COL_1.FBC/dt_map_col_1.txtbin	ascii	0	0	0
1431	romdata/FLD/DT_COL/DT_COL_MAP15.FBC.z	DT_MAP_COL_0.FBC/dt_map_col_0.txtbin	ascii	0	0	0
1431	romdata/FLD/DT_COL/DT_COL_MAP15.FBC.z	DT_MAP_COL_1.FBC/dt_map_col_1.txtbin	ascii	0	0	0
1432	romdata/FLD/DT_COL/DT_COL_MAP16.FBC.z	DT_MAP_COL_0.FBC/dt_map_col_0.txtbin	ascii	0	0	0
1432	romdata/FLD/DT_COL/DT_COL_MAP16.FBC.z	DT_MAP_COL_1.FBC/dt_map_col_1.txtbin	ascii	0	0	0
1433	romdata/FLD/DT_COL/DT_COL_MAP17.FBC.z	DT_MAP_COL_0.FBC/dt_map_col_0.txtbin	ascii	0	0	0
1433	romdata/FLD/DT_COL/DT_COL_MAP17.FBC.z	DT_MAP_COL_1.FBC/dt_map_col_1.txtbin	ascii	0	0	0
1434	romdata/FLD/DT_COL/DT_COL_MAP18.FBC.z	DT_MAP_COL_0.FBC/dt_map_col_0.txtbin	ascii	0	0	0
1434	romdata/FLD/DT_COL/DT_COL_MAP18.FBC.z	DT_MAP_COL_1.FBC/dt_map_col_1.txtbin	ascii	0	0	0
1435	romdata/FLD/DT_COL/DT_COL_MAP19.FBC.z	DT_MAP_COL_0.FBC/dt_map_col_0.txtbin	ascii	0	0	0
1435	romdata/FLD/DT_COL/DT_COL_MAP19.FBC.z	DT_MAP_COL_1.FBC/dt_map_col_1.txtbin	ascii	0	0	0
1436	romdata/FLD/DT_COL/DT_COL_MAP20.FBC.z	DT_MAP_COL_0.FBC/dt_map_col_0.txtbin	ascii	0	0	0
1436	romdata/FLD/DT_COL/DT_COL_MAP20.FBC.z	DT_MAP_COL_1.FBC/dt_map_col_1.txtbin	ascii	0	0	0
1437	romdata/FLD/DT_COL/DT_COL_MAP30.FBC.z	DT_MAP_COL_0.FBC/dt_map_col_0.txtbin	ascii	0	0	0
1437	romdata/FLD/DT_COL/DT_COL_MAP30.FBC.z	DT_MAP_COL_1.FBC/dt_map_col_1.txtbin	ascii	0	0	0
1438	romdata/FLD/DT_COL/DT_COL_MAP31.FBC.z	DT_MAP_COL_0.FBC/dt_map_col_0.txtbin	ascii	0	0	0
1438	romdata/FLD/DT_COL/DT_COL_MAP31.FBC.z	DT_MAP_COL_1.FBC/dt_map_col_1.txtbin	ascii	0	0	0
1439	romdata/FLD/DT_COL/DT_COL_MAP32.FBC.z	DT_MAP_COL_0.FBC/dt_map_col_0.txtbin	ascii	0	0	0
1439	romdata/FLD/DT_COL/DT_COL_MAP32.FBC.z	DT_MAP_COL_1.FBC/dt_map_col_1.txtbin	ascii	0	0	0
1440	romdata/FLD/DT_COL/DT_COL_MAP33.FBC.z	DT_MAP_COL_0.FBC/dt_map_col_0.txtbin	ascii	0	0	0
1440	romdata/FLD/DT_COL/DT_COL_MAP33.FBC.z	DT_MAP_COL_1.FBC/dt_map_col_1.txtbin	ascii	0	0	0
1441	romdata/FLD/DT_COL/DT_COL_MAP34.FBC.z	DT_MAP_COL_0.FBC/dt_map_col_0.txtbin	ascii	0	0	0
1441	romdata/FLD/DT_COL/DT_COL_MAP34.FBC.z	DT_MAP_COL_1.FBC/dt_map_col_1.txtbin	ascii	0	0	0
1442	romdata/FLD/DT_COL/DT_COL_MAP35.FBC.z	DT_MAP_COL_0.FBC/dt_map_col_0.txtbin	ascii	0	0	0
1442	romdata/FLD/DT_COL/DT_COL_MAP35.FBC.z	DT_MAP_COL_1.FBC/dt_map_col_1.txtbin	ascii	0	0	0
1443	romdata/FLD/DT_COL/DT_COL_MAP36.FBC.z	DT_MAP_COL_0.FBC/dt_map_col_0.txtbin	ascii	0	0	0
1443	romdata/FLD/DT_COL/DT_COL_MAP36.FBC.z	DT_MAP_COL_1.FBC/dt_map_col_1.txtbin	ascii	0	0	0
1444	romdata/FLD/DT_COL/DT_COL_MAP37.FBC.z	DT_MAP_COL_0.FBC/dt_map_col_0.txtbin	ascii	0	0	0
1444	romdata/FLD/DT_COL/DT_COL_MAP37.FBC.z	DT_MAP_COL_1.FBC/dt_map_col_1.txtbin	ascii	0	0	0
1445	romdata/FLD/DT_INFO/DT_INFO_MAP00.FBC.z	DT_MAP_INFO.FBC/dt_map_info.txtbin	ascii	0	0	0
1446	romdata/FLD/DT_INFO/DT_INFO_MAP01.FBC.z	DT_MAP_INFO.FBC/dt_map_info.txtbin	ascii	0	0	0
1447	romdata/FLD/DT_INFO/DT_INFO_MAP02.FBC.z	DT_MAP_INFO.FBC/dt_map_info.txtbin	ascii	0	0	0
1448	romdata/FLD/DT_INFO/DT_INFO_MAP03.FBC.z	DT_MAP_INFO.FBC/dt_map_info.txtbin	ascii	0	0	0
1449	romdata/FLD/DT_INFO/DT_INFO_MAP04.FBC.z	DT_MAP_INFO.FBC/dt_map_info.txtbin	ascii	0	0	0
1450	romdata/FLD/DT_INFO/DT_INFO_MAP05.FBC.z	DT_MAP_INFO.FBC/dt_map_info.txtbin	ascii	0	0	0
1451	romdata/FLD/DT_INFO/DT_INFO_MAP06.FBC.z	DT_MAP_INFO.FBC/dt_map_info.txtbin	ascii	0	0	0
1452	romdata/FLD/DT_INFO/DT_INFO_MAP07.FBC.z	DT_MAP_INFO.FBC/dt_map_info.txtbin	ascii	0	0	0
1453	romdata/FLD/DT_INFO/DT_INFO_MAP08.FBC.z	DT_MAP_INFO.FBC/dt_map_info.txtbin	ascii	0	0	0
1454	romdata/FLD/DT_INFO/DT_INFO_MAP09.FBC.z	DT_MAP_INFO.FBC/dt_map_info.txtbin	ascii	0	0	0
1455	romdata/FLD/DT_INFO/DT_INFO_MAP10.FBC.z	DT_MAP_INFO.FBC/dt_map_info.txtbin	ascii	0	0	0
1456	romdata/FLD/DT_INFO/DT_INFO_MAP11.FBC.z	DT_MAP_INFO.FBC/dt_map_info.txtbin	ascii	0	0	0
1457	romdata/FLD/DT_INFO/DT_INFO_MAP12.FBC.z	DT_MAP_INFO.FBC/dt_map_info.txtbin	ascii	0	0	0
1458	romdata/FLD/DT_INFO/DT_INFO_MAP13.FBC.z	DT_MAP_INFO.FBC/dt_map_info.txtbin	ascii	0	0	0
1459	romdata/FLD/DT_INFO/DT_INFO_MAP14.FBC.z	DT_MAP_INFO.FBC/dt_map_info.txtbin	ascii	0	0	0
1460	romdata/FLD/DT_INFO/DT_INFO_MAP15.FBC.z	DT_MAP_INFO.FBC/dt_map_info.txtbin	ascii	0	0	0
1461	romdata/FLD/DT_INFO/DT_INFO_MAP16.FBC.z	DT_MAP_INFO.FBC/dt_map_info.txtbin	ascii	0	0	0
1462	romdata/FLD/DT_INFO/DT_INFO_MAP17.FBC.z	DT_MAP_INFO.FBC/dt_map_info.txtbin	ascii	0	0	0
1463	romdata/FLD/DT_INFO/DT_INFO_MAP18.FBC.z	DT_MAP_INFO.FBC/dt_map_info.txtbin	ascii	0	0	0
1464	romdata/FLD/DT_INFO/DT_INFO_MAP19.FBC.z	DT_MAP_INFO.FBC/dt_map_info.txtbin	ascii	0	0	0
1465	romdata/FLD/DT_INFO/DT_INFO_MAP20.FBC.z	DT_MAP_INFO.FBC/dt_map_info.txtbin	ascii	0	0	0
1466	romdata/FLD/DT_INFO/DT_INFO_MAP30.FBC.z	DT_MAP_INFO.FBC/dt_map_info.txtbin	ascii	0	0	0
1467	romdata/FLD/DT_INFO/DT_INFO_MAP31.FBC.z	DT_MAP_INFO.FBC/dt_map_info.txtbin	ascii	0	0	0
1468	romdata/FLD/DT_INFO/DT_INFO_MAP32.FBC.z	DT_MAP_INFO.FBC/dt_map_info.txtbin	ascii	0	0	0
1469	romdata/FLD/DT_INFO/DT_INFO_MAP33.FBC.z	DT_MAP_INFO.FBC/dt_map_info.txtbin	ascii	0	0	0
1470	romdata/FLD/DT_INFO/DT_INFO_MAP34.FBC.z	DT_MAP_INFO.FBC/dt_map_info.txtbin	ascii	0	0	0
1471	romdata/FLD/DT_INFO/DT_INFO_MAP35.FBC.z	DT_MAP_INFO.FBC/dt_map_info.txtbin	ascii	0	0	0
1472	romdata/FLD/DT_INFO/DT_INFO_MAP36.FBC.z	DT_MAP_INFO.FBC/dt_map_info.txtbin	ascii	0	0	0
1473	romdata/FLD/DT_INFO/DT_INFO_MAP37.FBC.z	DT_MAP_INFO.FBC/dt_map_info.txtbin	ascii	0	0	0
1474	romdata/FLD/DT_INFO/DT_INFO_MAP50.FBC.z	DT_MAP_INFO.FBC/dt_map_info.txtbin	ascii	0	0	0
1475	romdata/FLD/DT_INFO/DT_INFO_MAP51.FBC.z	DT_MAP_INFO.FBC/dt_map_info.txtbin	ascii	0	0	0
1476	romdata/FLD/DT_INFO/DT_INFO_MAP52.FBC.z	DT_MAP_INFO.FBC/dt_map_info.txtbin	ascii	0	0	0
1477	romdata/FLD/DT_INFO/DT_INFO_MAP53.FBC.z	DT_MAP_INFO.FBC/dt_map_info.txtbin	ascii	0	0	0
1478	romdata/FLD/DT_INFO/DT_INFO_MAP54.FBC.z	DT_MAP_INFO.FBC/dt_map_info.txtbin	ascii	0	0	0
1479	romdata/FLD/DT_INFO/DT_INFO_MAP55.FBC.z	DT_MAP_INFO.FBC/dt_map_info.txtbin	ascii	0	0	0
1480	romdata/FLD/DT_INFO/DT_INFO_MAP60.FBC.z	DT_MAP_INFO.FBC/dt_map_info.txtbin	ascii	0	0	0
1481	romdata/FLD/DT_INFO/DT_INFO_MAP61.FBC.z	DT_MAP_INFO.FBC/dt_map_info.txtbin	ascii	0	0	0
1482	romdata/FLD/DT_INFO/DT_INFO_MAP62.FBC.z	DT_MAP_INFO.FBC/dt_map_info.txtbin	ascii	0	0	0
1483	romdata/FLD/DT_INFO/DT_INFO_MAP63.FBC.z	DT_MAP_INFO.FBC/dt_map_info.txtbin	ascii	0	0	0
1484	romdata/FLD/DT_INFO/DT_INFO_MAP64.FBC.z	DT_MAP_INFO.FBC/dt_map_info.txtbin	ascii	0	0	0
1485	romdata/FLD/DT_INFO/DT_INFO_MAP65.FBC.z	DT_MAP_INFO.FBC/dt_map_info.txtbin	ascii	0	0	0
1486	romdata/FLD/DT_INFO/DT_INFO_MAP66.FBC.z	DT_MAP_INFO.FBC/dt_map_info.txtbin	ascii	0	0	0
3910	romdata/UI/DT/DT_UIRCHRMSGTMR.FBC.z	DT_UISHPMSG.FBC/dt_UIRCHRMSG.txtbin	utf-8	64	22	663
3911	romdata/UI/DT/DT_UIRMTCWORDW.FBC.z	DT_UISHPMSG.FBC/dt_UIRMTCWORD.txtbin	ascii	64	64	64
3912	romdata/UI/DT/DT_UIRWW.FBC.z	DT_UISHPMSG.FBC/dt_UIRW.txtbin	utf-8	64	64	491
3913	romdata/UI/DT/DT_UISHPFLR00.FBC.z	DT_UISHP.FBC/dt_UISHP.txtbin	ascii	0	0	0
3914	romdata/UI/DT/DT_UISHPFLR01.FBC.z	DT_UISHP.FBC/dt_UISHP.txtbin	ascii	0	0	0
3915	romdata/UI/DT/DT_UISHPFLR02.FBC.z	DT_UISHP.FBC/dt_UISHP.txtbin	ascii	0	0	0
3916	romdata/UI/DT/DT_UISHPFLR03.FBC.z	DT_UISHP.FBC/dt_UISHP.txtbin	ascii	0	0	0
3917	romdata/UI/DT/DT_UISHPFLR04.FBC.z	DT_UISHP.FBC/dt_UISHP.txtbin	ascii	0	0	0
3918	romdata/UI/DT/DT_UISHPMDT00.FBC.z	DT_UISHP.FBC/dt_UISHP.txtbin	ascii	0	0	0
3919	romdata/UI/DT/DT_UISHPMDT01.FBC.z	DT_UISHP.FBC/dt_UISHP.txtbin	ascii	0	0	0
3920	romdata/UI/DT/DT_UISHPMDT02.FBC.z	DT_UISHP.FBC/dt_UISHP.txtbin	ascii	0	0	0
3921	romdata/UI/DT/DT_UISHPMDT03.FBC.z	DT_UISHP.FBC/dt_UISHP.txtbin	ascii	0	0	0
3922	romdata/UI/DT/DT_UISHPMDT04.FBC.z	DT_UISHP.FBC/dt_UISHP.txtbin	ascii	0	0	0
3923	romdata/UI/DT/DT_UISHPMSGA24.FBC.z	DT_UISHPMSG.FBC/dt_UISHPMSG.txtbin	utf-8	15	15	371
3924	romdata/UI/DT/DT_UISHPMSGBRL.FBC.z	DT_UISHPMSG.FBC/dt_UISHPMSG.txtbin	utf-8	15	15	274
3925	romdata/UI/DT/DT_UISHPMSGBSF.FBC.z	DT_UISHPMSG.FBC/dt_UISHPMSG.txtbin	utf-8	31	31	635
3926	romdata/UI/DT/DT_UISHPMSGBSX.FBC.z	DT_UISHPMSG.FBC/dt_UISHPMSG.txtbin	utf-8	31	31	544
3927	romdata/UI/DT/DT_UISHPMSGDOL.FBC.z	DT_UISHPMSG.FBC/dt_UISHPMSG.txtbin	utf-8	15	15	364
3928	romdata/UI/DT/DT_UISHPMSGDRG.FBC.z	DT_UISHPMSG.FBC/dt_UISHPMSG.txtbin	utf-8	9	9	117
3929	romdata/UI/DT/DT_UISHPMSGFLR.FBC.z	DT_UISHPMSG.FBC/dt_UISHPMSG.txtbin	utf-8	9	9	166
3930	romdata/UI/DT/DT_UISHPMSGMHX.FBC.z	DT_UISHPMSG.FBC/dt_UISHPMSG.txtbin	utf-8	9	9	138
3931	romdata/UI/DT/DT_UISHPMSGTLS.FBC.z	DT_UISHPMSG.FBC/dt_UISHPMSG.txtbin	utf-8	9	9	173
3932	romdata/UI/DT/DT_UISHPTLS00.FBC.z	DT_UISHP.FBC/dt_UISHP.txtbin	ascii	0	0	0
3933	romdata/UI/DT/DT_UISHPTLS01.FBC.z	DT_UISHP.FBC/dt_UISHP.txtbin	ascii	0	0	0
3934	romdata/UI/DT/DT_UISHPTLS02.FBC.z	DT_UISHP.FBC/dt_UISHP.txtbin	ascii	0	0	0
3935	romdata/UI/DT/DT_UISHPTLS03.FBC.z	DT_UISHP.FBC/dt_UISHP.txtbin	ascii	0	0	0
3936	romdata/UI/DT/DT_UISHPTLS04.FBC.z	DT_UISHP.FBC/dt_UISHP.txtbin	ascii	0	0	0
